id,company_name,address,phone,url
1242,Absolute Roof Solutions,1676 W 75th Ave,(604) 263-0334,https://absoluteroof.ca
1243,3 King's Roofing and Renovations Inc.,4323 Inverness St,(778) 868-1906,https://www.roofing-vancouver.ca
1244,Kerrisdale Roofing And Drains Ltd.,8279 Ross St,(604) 360-2114,http://kerrisdaleroofinganddrains.com
1245,Max Roofing,2922 East Kent Ave S #15,(778) 800-6295,https://maxroofingbc.ca
1246,GVRD Roofing Inc,1917 W 4th Ave,(604) 445-4873,https://gvrdroofing.com
1247,Penfolds Roofing,1268 Vernon Dr,(604) 254-4663,https://www.penfoldsroofing.com
1248,All Star Roofing,422 Richards St #170,(778) 951-4600,http://allstarroofingvancouver.ca
1249,Millwall Roofing,2090 W 1st Ave,(604) 763-1930,http://www.millwallroofing.com
1250,Cambie Roofing Contractors Ltd,1367 East Kent Ave N,(604) 261-1111,https://cambieroofing.com
1251,Stormrider Roof Repairs,3665 Kingsway Suite # 300,(604) 803-2808,https://stormrider604.com
1252,M & B Roofing Ltd.,11180 Bridgeport Rd,(778) 862-7305,http://www.mbroofing.ca
1253,Fraserview Roofing and Renovation,5907 Culloden St,(604) 897-3614,http://www.fraserviewroofnreno.com
1254,All Coast Roofing,3478 Pandora St,(778) 229-0250,http://www.allcoastroofing.ca
1255,Raise the Roof Roofing & Repair Ltd.,1750 William St,(778) 385-9585,http://raisetheroofroofing.com
1256,GoodVans Roofing,2161 W 33rd Ave,(778) 858-8681,http://www.gvroofs.ca
1257,Cooper Roofing,1285 W Broadway #600,(604) 674-0319,https://cooperroofs.ca
1258,Pacific West Roofing & Exteriors,1790 W 10th Ave #111,(604) 733-1347,https://www.pacificwestexteriors.ca
1259,Laurentian Roofing Inc.,8165 Main St,(604) 345-7663,https://www.laurentianroofing.com
1260,Lockhart Roofing Ltd.,121 15th St W,(604) 314-5544,http://www.lockhart-roofing.ca
1261,Regan Roofing Ltd,8838 Heather St,(604) 324-1574,https://www.reganroofing.ca
1262,Crown Roofing LTD,11860 Hammersmith Way Unit 118,(604) 370-6288,https://www.crownroofingltd.com
1263,Nika Roofing Ltd.,1110 27th St,(778) 858-7122,http://www.nikaroofing.ca
1264,Komo Roofing,1917 W 4th Ave #118,(778) 888-0449,http://www.komoroofing.com
1265,Sunset Roofing & Construction,997 Seymour St,(604) 704-9588,http://www.sunsetroofing.ca
1266,Pro Torch Roofing,7060 Waltham Ave,(778) 316-1247,https://protorchroofing.ca
1267,Penfolds Roofing & Solar,710 Queensbury Ave,(604) 988-3791,https://www.penfoldsroofing.com
1268,Next Level Roofing & Solar,6683 Tantalus Ln,(236) 300-8191,http://www.nextlevelroofing.ca
1269,Dignity Roofing & Exteriors,9180 Hemlock Dr,(604) 330-9903,http://dignityroofing.ca
1270,Roy Dennis Roofing,2420 Viscount Way,(604) 278-0442,http://roydennisroofing.ca
1271,Norton Roofing Systems Ltd,701 W Georgia St #1500,(604) 281-4759,http://nortonroofingsystemsltd.com
1272,Roofing Vancouver BC,4501 Kingsway #201 unit 231,(778) 200-3114,http://www.roofingvancouverbc.com
1273,Vantage Roofing Company Ltd. - Roofers & Roofing Contractors,Roofing contractor,(778) 743-1311,https://vantageroofingltd.ca
1274,Top Roof Cleaning,422 Richards St Unit#300,(604) 722-9274,http://www.toproofcleaning.ca
1275,Valley Metal Roofing,1285 W Broadway #600,(604) 670-8484,http://www.valleymetalroofing.com
1276,Villa Roofing,8380 St George St #103,(604) 261-2441,http://www.villaroofing.com
1277,West Coast Roof Cleaning,Roofing contractor,(604) 773-7034,https://www.westcoastroofcleaning.com
1278,Atlas-Apex Roofing Inc.,9211 River Dr,(604) 273-0845,http://www.atlas-apex.com
1279,Blue Mount Roofing Ltd.,Roofing contractor,(604) 782-0490,http://bluemountroofing.ca
1280,Neo Roofing Solutions Ltd,Roofing contractor,(604) 346-5647,http://www.neoroofing.ca
1281,Canuck Roofing Ltd.,4310 Norfolk St,(778) 772-1969,https://www.canuckroofing.ca
1282,4Way Roofing LTD.,Roofing contractor,(778) 909-1290,https://4wayroofing.ca
1283,Vantage Roofing Ltd. - Vancouver Roofers & Roofing Contractors,Roofing contractor,(778) 743-1311,https://vantageroofingltd.ca
1284,Unique Roofers,Roofing contractor,(778) 960-2671,https://unique-roofers.business.site
1285,In Awe Roofing,80 Walter Hardwick Ave #505,(604) 255-7663,http://inaweroofing.com
1286,Harvey Roofing,Roofing contractor,(778) 554-0722,http://harveyroofing.ca
1287,Up & Up Roofing,3980 Carrigan Ct,(604) 721-9875,http://www.upanduproofing.ca
1288,Eco Exteriors,144 19th St E unit 208,(604) 985-4326,http://ecoexteriors.com
1289,A Top Class Roofing LTD,Roofing contractor,(604) 782-4470,http://atopclassroofing.com
1290,Westcoast Roofing Systems Ltd,Roofing contractor,(604) 926-7325,https://westcoastroofingsystems.ca
1291,Chisholm Roofing,1083 East Kent Ave N,(604) 325-8099,http://chisholmroofing.ca
1292,Nika Roofing Ltd.,4379 Glencanyon Dr,(778) 858-7122,http://www.nikaroofing.ca
1293,Best Quality Roofing,61B Fawcett Rd,(604) 716-5325,https://www.bcroofing.ca
1294,All in One Roof Service,Roofing contractor,(647) 697-0397,https://all-in-one-roof-service.business.site
1295,Paragon Roofing BC,12233 92 Ave,(604) 358-3436,https://paragonroofingbc.ca
1296,Actual Contracting,Roofing contractor,(604) 377-2609,http://www.actualcontracting.com
1297,Crucial Roof Services Ltd.,Garfield Dr,(604) 561-8798,http://www.crucialroofservices.com
1298,Enviro-Green Moss Removal and Roof Cleaning,2828 Main St,(604) 505-9744,https://www.enviro-roofrestoration.com
1299,Marine Roofing,4909 Byrne Rd,(604) 433-4322,http://marineroofing.com
1300,Atwal Roofing Ltd,Roofing contractor,(778) 245-9456,http://atwalroofing.com
1301,Steeves Roofing & Solar,Roofing contractor,(604) 445-5079,https://steevesroofingsolar.com
1302,ABC Roofing Vancouver,Roofing contractor,(604) 706-1718,https://abcroofingvancouver.ca
1303,Swift Roofing Contractor Vancouver - Richmond,5759 Musgrave Crescent,(778) 387-6970,https://www.swiftroofingcontractor.ca
1304,Adanac Roofing & Gutters,22116 88 Ave,(604) 888-1616,https://www.adanac.ca
1305,MPG Roofing,1892 W Broadway,(604) 226-3866,http://ww1.mpgroofing.com
1306,North Vancouver Roofing,Roofing contractor,(604) 757-0443,https://roofingnorthvancouver.com
1307,Coastal Roof Cleaning Experts,8-1621 St Georges Ave,(604) 366-8602,https://www.coastalroofcleaningexperts.com
1308,BC ROOFING LTD,3345 Kingsway #224,(604) 240-1850,http://bcroofer.ca
1309,Affinity Roofing Inc.,422 Richards St #160,(604) 330-6500,https://www.affinityroofing.ca
1310,Taves Roofing North Vancouver,2609 Westview Dr #201,(604) 524-6695,http://tavesroofing.com
1311,DELTA ROOFING,Roofing contractor,(604) 337-0933,http://www.roofingdelta.com
1312,Quality Edge Siding Ltd. Vancouver,997 Seymour St #250,(604) 657-6080,http://www.qualityedgesiding.ca
1313,Affordable Quality Roofing Ltd,2411 Dollarton Hwy #212,(604) 984-9004,https://www.affordablequalityroofing.com
1314,North Vancouver Roofing & Contracting,215 W Keith Rd,(778) 601-4655,https://northvanroofers.com
1315,H B Roofing Ltd,Roofing contractor,(604) 946-5346,http://hbroofing.ca
1316,Phoenix Roof Consultants,Roofing contractor,(778) 803-7161,https://phoenixroofconsultants.ca
1317,Above All Roofing,1199 Lynn Valley Rd,(604) 985-9214,http://www.aboveallroofingltd.com
1318,Hybrid Roofing & Exterior Solutions,Roofing contractor,(778) 513-2777,https://hybrid-roofing-exterior-solutions-roofin-contractor-burnaby-bc.business.site
1319,Tough Roofing Vancouver,101-1001 W Broadway Unit# 640 AA,(604) 262-4064,https://www.roofersvancouverbc.com
1320,Heyes Roofing & Installations,357 Lynn Ave,(604) 985-8546,http://www.heyesroofing.com
1321,Penfolds Roofing & Solar,2230 Hartley Ave,(604) 254-4663,https://www.penfoldsroofing.com
1322,North Vancouver Roofing,3458 Upton Rd,(604) 960-0504,http://www.northvancouverroofing.ca
1323,GL Roofing Ltd.,15106 91 Ave,(604) 240-5362,http://www.glroofing.ca
1324,BOND ROOFING,5489 Byrne Rd #157,(604) 375-2100,http://www.bondroofing.ca
1325,Adanac Roofing & Gutters,456 Moberly Rd #206,(778) 655-3036,http://www.adanac.ca
1326,Greater Vancouver Roofing Inc.,75 N Stratford Ave,(604) 783-8553,http://gvrdroofer.ca
1327,SURREY ROOFING,Roofing contractor,(604) 332-6664,https://www.surreyroofing.org
1328,Burrard Roofing & Drainage Inc,135 Riverside Dr W Unit B,(604) 986-1812,https://burrardroofing.com
1329,A-Top Roofing LTD.,13863 100 Ave Unit 202,(778) 874-0421,https://atoproofing.ca
1330,Paragon Roofing BC- Roofing Contractor Vancouver,Roofing contractor,(604) 358-3436,http://paragonroofingbc.ca
